{
  "id": "1007837",
  "name": "IconFont",
  "font_family": "iconfont",
  "css_prefix_text": "icon-",
  "description": "",
  "glyphs": [
    {
      "icon_id": "4765972",
      "name": "minus-square",
      "font_class": "minus-square",
      "unicode": "e796",
      "unicode_decimal": 59286
    },
    {
      "icon_id": "4765973",
      "name": "plus-square",
      "font_class": "plus-square",
      "unicode": "e797",
      "unicode_decimal": 59287
    },
    {
      "icon_id": "4766887",
      "name": "printer",
      "font_class": "printer",
      "unicode": "e7d8",
      "unicode_decimal": 59352
    },
    {
      "icon_id": "4765811",
      "name": "sync",
      "font_class": "sync",
      "unicode": "e786",
      "unicode_decimal": 59270
    },
    {
      "icon_id": "7834345",
      "name": "plus",
      "font_class": "plus",
      "unicode": "e8fe",
      "unicode_decimal": 59646
    },
    {
      "icon_id": "4766904",
      "name": "cloud-sync",
      "font_class": "cloud-sync",
      "unicode": "e7da",
      "unicode_decimal": 59354
    },
    {
      "icon_id": "4766676",
      "name": "delete",
      "font_class": "delete",
      "unicode": "e7c3",
      "unicode_decimal": 59331
    },
    {
      "icon_id": "11488213",
      "name": "exchange rate",
      "font_class": "exchangerate",
      "unicode": "e772",
      "unicode_decimal": 59250
    },
    {
      "icon_id": "11488099",
      "name": "print",
      "font_class": "print",
      "unicode": "e75d",
      "unicode_decimal": 59229
    },
    {
      "icon_id": "4765741",
      "name": "time-circle",
      "font_class": "time-circle",
      "unicode": "e784",
      "unicode_decimal": 59268
    },
    {
      "icon_id": "4766972",
      "name": "tag",
      "font_class": "tag",
      "unicode": "e7e4",
      "unicode_decimal": 59364
    },
    {
      "icon_id": "4765727",
      "name": "info-circle",
      "font_class": "info-circle",
      "unicode": "e77e",
      "unicode_decimal": 59262
    },
    {
      "icon_id": "8788231",
      "name": "rss",
      "font_class": "rss",
      "unicode": "e6ec",
      "unicode_decimal": 59116
    },
    {
      "icon_id": "4767031",
      "name": "download",
      "font_class": "download",
      "unicode": "e7f1",
      "unicode_decimal": 59377
    },
    {
      "icon_id": "4766903",
      "name": "cloud-download",
      "font_class": "cloud-download",
      "unicode": "e7d9",
      "unicode_decimal": 59353
    },
    {
      "icon_id": "4767013",
      "name": "up",
      "font_class": "up",
      "unicode": "e7ed",
      "unicode_decimal": 59373
    },
    {
      "icon_id": "4767014",
      "name": "down",
      "font_class": "down",
      "unicode": "e7f0",
      "unicode_decimal": 59376
    },
    {
      "icon_id": "5145489",
      "name": "comment",
      "font_class": "tubiaozhizuomoban-",
      "unicode": "e617",
      "unicode_decimal": 58903
    },
    {
      "icon_id": "4766847",
      "name": "folder-open",
      "font_class": "folder-open",
      "unicode": "e7d2",
      "unicode_decimal": 59346
    },
    {
      "icon_id": "4767020",
      "name": "arrowright",
      "font_class": "arrowright",
      "unicode": "e7ee",
      "unicode_decimal": 59374
    },
    {
      "icon_id": "4767022",
      "name": "arrowleft",
      "font_class": "arrowleft",
      "unicode": "e7ef",
      "unicode_decimal": 59375
    },
    {
      "icon_id": "4767096",
      "name": "close",
      "font_class": "close",
      "unicode": "e800",
      "unicode_decimal": 59392
    },
    {
      "icon_id": "4765732",
      "name": "minus-circle",
      "font_class": "minus-circle",
      "unicode": "e780",
      "unicode_decimal": 59264
    },
    {
      "icon_id": "4765734",
      "name": "plus-circle",
      "font_class": "plus-circle",
      "unicode": "e781",
      "unicode_decimal": 59265
    },
    {
      "icon_id": "4766918",
      "name": "mail",
      "font_class": "mail",
      "unicode": "e7df",
      "unicode_decimal": 59359
    },
    {
      "icon_id": "6598316",
      "name": "comment",
      "font_class": "comment",
      "unicode": "e8e8",
      "unicode_decimal": 59624
    },
    {
      "icon_id": "4765866",
      "name": "message",
      "font_class": "message",
      "unicode": "e78b",
      "unicode_decimal": 59275
    },
    {
      "icon_id": "4766959",
      "name": "edit",
      "font_class": "edit",
      "unicode": "e7e3",
      "unicode_decimal": 59363
    },
    {
      "icon_id": "4767011",
      "name": "right",
      "font_class": "right",
      "unicode": "e7eb",
      "unicode_decimal": 59371
    },
    {
      "icon_id": "4767012",
      "name": "left",
      "font_class": "left",
      "unicode": "e7ec",
      "unicode_decimal": 59372
    },
    {
      "icon_id": "4767059",
      "name": "menu",
      "font_class": "menu",
      "unicode": "e7f6",
      "unicode_decimal": 59382
    },
    {
      "icon_id": "4767094",
      "name": "ellipsis",
      "font_class": "ellipsis",
      "unicode": "e7ff",
      "unicode_decimal": 59391
    },
    {
      "icon_id": "4765736",
      "name": "question-circle",
      "font_class": "question-circle",
      "unicode": "e782",
      "unicode_decimal": 59266
    },
    {
      "icon_id": "4765746",
      "name": "warning-circle",
      "font_class": "warning-circle",
      "unicode": "e785",
      "unicode_decimal": 59269
    },
    {
      "icon_id": "4767100",
      "name": "question",
      "font_class": "question",
      "unicode": "e7fe",
      "unicode_decimal": 59390
    },
    {
      "icon_id": "1444615",
      "name": "format-section",
      "font_class": "format-section",
      "unicode": "e769",
      "unicode_decimal": 59241
    },
    {
      "icon_id": "4765837",
      "name": "undo",
      "font_class": "undo",
      "unicode": "e787",
      "unicode_decimal": 59271
    },
    {
      "icon_id": "4765838",
      "name": "redo",
      "font_class": "redo",
      "unicode": "e788",
      "unicode_decimal": 59272
    },
    {
      "icon_id": "4765852",
      "name": "reload",
      "font_class": "reload",
      "unicode": "e789",
      "unicode_decimal": 59273
    },
    {
      "icon_id": "4765853",
      "name": "reload time",
      "font_class": "reloadtime",
      "unicode": "e78a",
      "unicode_decimal": 59274
    },
    {
      "icon_id": "4765891",
      "name": "setting",
      "font_class": "setting",
      "unicode": "e78e",
      "unicode_decimal": 59278
    },
    {
      "icon_id": "4766293",
      "name": "user",
      "font_class": "user",
      "unicode": "e7ae",
      "unicode_decimal": 59310
    },
    {
      "icon_id": "4766685",
      "name": "home",
      "font_class": "home",
      "unicode": "e7c6",
      "unicode_decimal": 59334
    },
    {
      "icon_id": "4766846",
      "name": "folder",
      "font_class": "folder",
      "unicode": "e7d1",
      "unicode_decimal": 59345
    },
    {
      "icon_id": "4766848",
      "name": "folder-add",
      "font_class": "folder-add",
      "unicode": "e7d3",
      "unicode_decimal": 59347
    },
    {
      "icon_id": "4766917",
      "name": "image",
      "font_class": "image",
      "unicode": "e7de",
      "unicode_decimal": 59358
    },
    {
      "icon_id": "4766963",
      "name": "highlight",
      "font_class": "highlight",
      "unicode": "e7e1",
      "unicode_decimal": 59361
    },
    {
      "icon_id": "4766965",
      "name": "link",
      "font_class": "link",
      "unicode": "e7e2",
      "unicode_decimal": 59362
    },
    {
      "icon_id": "4767060",
      "name": "unordered list",
      "font_class": "unorderedlist",
      "unicode": "e7f4",
      "unicode_decimal": 59380
    },
    {
      "icon_id": "4767061",
      "name": "ordered list",
      "font_class": "orderedlist",
      "unicode": "e7f5",
      "unicode_decimal": 59381
    },
    {
      "icon_id": "4767078",
      "name": "bold",
      "font_class": "bold",
      "unicode": "e7f7",
      "unicode_decimal": 59383
    },
    {
      "icon_id": "4767087",
      "name": "italic",
      "font_class": "italic",
      "unicode": "e7fb",
      "unicode_decimal": 59387
    },
    {
      "icon_id": "4767091",
      "name": "code",
      "font_class": "code",
      "unicode": "e7fc",
      "unicode_decimal": 59388
    },
    {
      "icon_id": "4767098",
      "name": "line",
      "font_class": "line",
      "unicode": "e7fd",
      "unicode_decimal": 59389
    },
    {
      "icon_id": "6598347",
      "name": "search",
      "font_class": "search",
      "unicode": "e8ef",
      "unicode_decimal": 59631
    }
  ]
}
